{"cameraMode":{"drawMode":0,"name":"Shaded","section":"Shading Mode"},"sceneLighting":true,"audioPlay":false,"sceneViewState":{"showFog":true,"showMaterialUpdate":false,"showSkybox":true,"showFlares":true,"showImageEffects":true,"showParticleSystems":true,"showVisualEffectGraphs":true,"m_FxEnabled":false},"in2DMode":false,"pivot":{"x":-15.15302848815918,"y":0.9990962743759155,"z":0.10205316543579102},"rotation":{"x":-0.33803942799568179,"y":0.04853096604347229,"z":-0.01745525375008583,"w":-0.9397246837615967},"size":2.6729917526245119,"orthographic":false}