{"cameraMode":{"drawMode":0,"name":"Shaded","section":"Shading Mode"},"sceneLighting":true,"audioPlay":false,"sceneViewState":{"showFog":true,"showMaterialUpdate":false,"showSkybox":false,"showFlares":true,"showImageEffects":true,"showParticleSystems":true,"showVisualEffectGraphs":true,"m_FxEnabled":true},"in2DMode":false,"pivot":{"x":-0.24332427978515626,"y":1.4619998931884766,"z":3.7814998626708986},"rotation":{"x":-0.06128506734967232,"y":0.9376624226570129,"z":-0.2178761214017868,"w":-0.26374951004981997},"size":43.95463562011719,"orthographic":false}